<PAD>	1000000000
<UNK>	1000000000
<S>	1000000000
</S>	1000000000
be	8226
i	5961
the	5045
to	4311
you	4137
a	3263
do	3167
not	2897
have	2430
he	2309
tom	2013
in	1594
it	1577
of	1450
my	1304
she	1287
me	1185
this	1168
that	1167
for	1086
go	1058
we	1006
will	915
what	858
your	821
like	781
on	779
at	750
his	749
get	656
with	655
want	632
know	621
can	570
her	564
there	539
would	518
him	502
and	473
come	470
very	469
how	461
time	440
they	439
good	433
make	423
take	411
as	411
think	400
here	388
all	388
please	370
up	369
see	335
should	333
no	332
about	331
an	331
by	330
from	325
say	323
mary	321
tell	310
out	304
work	301
ca	298
book	298
give	291
look	287
could	276
when	269
day	265
let	260
where	258
one	256
if	255
school	248
eat	246
help	244
speak	238
need	236
now	234
english	233
car	231
year	227
us	226
who	226
last	223
some	220
play	219
than	217
home	214
much	210
leave	209
ask	205
why	205
father	200
old	196
so	194
more	194
too	191
live	191
any	191
just	190
buy	190
tomorrow	189
really	186
long	184
but	184
child	181
money	178
our	177
always	176
yesterday	176
many	175
people	171
room	170
well	170
talk	167
house	167
study	166
every	165
find	165
today	164
friend	163
new	160
read	160
back	159
use	159
hear	157
lot	157
something	157
right	156
two	155
love	155
stay	155
never	154
anything	153
may	149
next	149
must	146
wait	145
write	145
keep	144
night	141
man	140
mother	138
call	138
three	133
put	133
dog	132
before	127
after	125
watch	124
morning	120
try	120
still	118
down	117
late	117
over	116
walk	114
little	113
brother	112
or	112
letter	111
rain	111
feel	110
train	109
off	109
into	108
lose	108
problem	108
hard	107
way	106
french	106
happen	106
meet	106
thing	103
again	103
swim	103
plan	102
only	99
finish	99
run	98
drive	97
teacher	97
turn	97
soon	97
believe	97
nothing	97
water	96
stop	96
japan	95
life	95
door	95
job	95
boy	94
name	94
wish	94
understand	94
bus	93
question	92
away	91
their	91
happy	90
ten	90
often	90
these	89
first	88
week	88
drink	87
saw	86
cold	85
arrive	83
them	82
seem	82
open	82
sister	82
wo	81
party	81
student	81
boston	79
bad	79
change	79
sunday	79
busy	79
afraid	79
station	78
doctor	78
big	78
wrong	77
show	77
hour	77
beautiful	77
young	77
which	77
become	77
begin	76
answer	75
best	75
enough	75
pay	75
miss	75
early	75
hand	74
month	74
picture	73
around	73
tennis	72
other	72
sleep	71
already	71
wear	71
catch	70
mistake	70
yet	70
sure	70
break	69
listen	69
everything	69
start	69
learn	69
bring	69
ever	68
remember	68
clock	68
marry	68
visit	67
place	67
everyone	67
girl	67
because	66
japanese	64
apple	64
easy	63
minute	63
die	63
same	63
without	63
idea	63
bed	63
almost	63
fire	62
ago	62
care	61
coffee	61
eye	61
food	61
while	61
sit	61
quite	60
someone	60
meeting	60
country	60
difficult	60
sorry	59
nice	59
hope	59
person	58
weather	58
snow	57
dinner	57
true	57
cat	57
large	57
homework	57
tonight	57
even	56
forget	56
flower	56
cry	56
great	56
son	56
five	56
music	55
mind	55
alone	55
language	55
parent	55
decide	55
movie	55
once	55
few	55
able	55
matter	54
lunch	54
city	54
agree	54
park	54
river	54
truth	54
enjoy	53
word	53
london	53
o	53
anyone	53
lie	53
yourself	52
those	52
accident	51
near	51
tall	51
woman	51
high	51
office	50
free	50
grow	50
breakfast	50
stand	50
tv	50
family	50
sing	50
light	50
bicycle	49
thank	49
until	48
phone	48
police	48
world	48
dress	48
story	48
close	48
win	48
six	48
another	48
mine	47
uncle	47
pass	47
himself	47
table	47
sick	47
usually	46
interesting	46
most	46
far	46
kind	46
spend	46
everybody	45
angry	45
camera	45
desk	45
dollar	44
since	44
game	44
daughter	43
better	43
such	43
shoe	43
pretty	43
both	43
tire	43
glass	42
travel	42
hot	42
tree	42
myself	42
mean	42
short	42
fish	42
fun	42
send	42
nobody	42
piano	42
wash	41
afternoon	41
box	41
window	41
worry	41
small	41
lend	41
baby	41
move	41
hair	41
class	41
under	40
else	40
fast	40
own	40
wonder	39
tea	39
advice	39
clean	39
dictionary	39
laugh	39
end	38
cook	38
baseball	38
abroad	38
america	38
follow	38
teach	38
ready	38
pen	38
garden	38
opinion	38
hospital	37
radio	37
news	37
business	37
important	37
wife	37
sometimes	37
red	37
together	36
guy	36
cost	36
tokyo	36
accept	36
expect	36
number	36
hotel	36
bit	36
age	36
bear	36
each	35
street	35
hat	35
fell	35
trouble	35
summer	35
hurry	35
might	35
order	34
yours	34
fly	34
dark	34
favorite	34
song	34
sense	34
computer	34
smoke	33
hurt	33
then	33
steal	33
pick	33
across	33
full	33
strong	33
between	32
kill	32
telephone	32
sell	32
evening	32
others	32
worth	31
rich	31
trust	31
possible	31
trip	31
milk	31
later	31
horse	31
through	31
point	31
cut	31
climb	31
key	31
promise	31
four	30
hold	30
bank	30
town	30
reason	30
library	30
bird	30
married	30
wine	29
carry	29
against	29
quiet	29
wake	29
return	29
chinese	29
dream	29
paper	29
health	29
american	29
paint	29
clear	29
famous	29
attend	29
whether	29
cake	29
chance	29
bag	28
yen	28
weekend	28
rest	28
felt	28
hit	28
succeed	28
secret	28
mountain	28
present	28
deal	27
test	27
along	27
check	27
death	27
poor	27
smile	27
company	27
plane	27
soccer	27
during	27
pencil	27
mt	26
prefer	26
maybe	26
college	26
price	26
seat	26
solve	26
taxi	26
quit	26
store	26
juice	26
build	26
arm	26
anymore	26
explain	26
animal	26
dangerous	26
novel	26
success	26
sentence	25
air	25
team	25
birthday	25
stupid	25
vacation	25
ticket	25
glad	25
orange	25
face	25
sky	25
clothes	24
enter	24
address	24
thirty	24
card	24
white	24
egg	24
newspaper	24
throw	24
road	24
fill	24
building	24
airport	24
rather	24
suppose	24
easily	24
weight	24
club	24
front	24
umbrella	24
eight	24
probably	24
medicine	23
fail	23
beer	23
seven	23
several	23
chair	23
hungry	23
black	23
floor	23
refuse	23
behind	23
part	23
lake	23
belong	23
lock	23
cause	23
shut	23
york	23
herself	23
exam	23
wall	23
monday	23
whose	22
paris	22
pizza	22
law	22
side	22
surprise	22
quickly	22
save	22
war	22
serious	22
dance	22
depend	22
salt	22
borrow	22
asleep	22
careful	22
driver	22
excuse	22
coat	22
expensive	22
invite	22
winter	22
tired	21
blue	21
bread	21
feeling	21
men	21
christmas	21
bath	21
proud	21
interested	21
longer	21
till	21
living	21
its	21
thousand	21
different	21
fruit	21
case	21
grandfather	21
none	21
heavy	21
guess	21
church	21
bill	21
forward	21
choose	21
smoking	21
owe	21
report	20
dead	20
information	20
date	20
half	20
outside	20
guitar	20
tear	20
foreign	20
anybody	20
cup	20
university	20
joke	20
strange	20
whole	20
drunk	20
fuji	20
hide	19
offer	19
finally	19
husband	19
discuss	19
impossible	19
shop	19
reading	19
sound	19
speech	19
kyoto	19
ok	19
capital	19
nine	19
foot	19
storm	19
reach	19
recently	19
whatever	19
stamp	19
moment	19
suit	19
allow	19
slowly	19
waste	19
cross	19
noise	19
count	19
china	18
voice	18
aunt	18
thanks	18
gift	18
bos	18
drop	18
concert	18
sport	18
bottle	18
touch	18
traffic	18
either	18
meal	18
graduate	18
fall	18
list	18
actually	18
twenty	18
wonderful	18
carefully	18
fine	18
set	18
sight	18
repair	18
hokkaido	18
manage	18
ought	18
alive	18
hate	17
somewhere	17
luck	17
exactly	17
interest	17
kid	17
head	17
absent	17
tie	17
television	17
difference	17
cover	17
restaurant	17
shirt	17
facebook	17
pretend	17
attention	17
rule	17
second	16
warm	16
meat	16
likely	16
bridge	16
player	16
supper	16
ship	16
sign	16
afford	16
magazine	16
mail	16
ring	16
translate	16
wood	16
lady	16
low	16
past	16
australia	16
continue	16
step	16
france	16
twice	16
fact	16
europe	16
ball	16
necessary	16
piece	16
consider	15
honest	15
beach	15
safe	15
sun	15
earn	15
fault	15
suggest	15
hang	15
yes	15
smell	15
appear	15
sad	15
useful	15
color	15
noon	15
apologize	15
public	15
fool	15
somebody	15
kitchen	15
golf	15
purpose	15
popular	15
ride	15
special	15
proposal	15
saturday	14
loud	14
serve	14
grandmother	14
escape	14
fight	14
choice	14
discover	14
memory	14
crazy	14
introduce	14
sock	14
future	14
green	14
pain	14
german	14
blame	14
cancer	14
except	14
knife	14
meaning	14
girlfriend	14
teeth	14
history	14
difficulty	14
hundred	14
also	14
spring	14
patient	14
fresh	14
jump	14
leg	14
account	14
anywhere	14
state	14
admit	14
treat	14
member	14
ear	14
canada	14
star	14
earthquake	14
bike	13
strike	13
relax	13
president	13
toy	13
master	13
earth	13
ill	13
vegetable	13
burn	13
post	13
crowd	13
exist	13
join	13
policeman	13
soup	13
map	13
mad	13
earlier	13
bite	13
picnic	13
notice	13
boat	13
situation	13
furniture	13
moon	13
taste	13
mathematics	13
experience	13
stick	13
scar	13
rude	13
complain	13
england	13
major	13
divorce	13
common	13
practice	13
license	13
plenty	13
planet	13
ashamed	13
wallet	13
hobby	13
dad	13
clearly	13
bedroom	13
progress	13
heart	13
less	13
obey	13
swimming	13
prize	12
above	12
million	12
type	12
hole	12
hop	12
top	12
fashion	12
shelf	12
mouth	12
retire	12
rice	12
nurse	12
subject	12
improve	12
worker	12
shoulder	12
inside	12
certainly	12
round	12
healthy	12
elect	12
shake	12
correct	12
size	12
pair	12
fifty	12
corner	12
area	12
suitcase	12
dish	12
real	12
science	12
goal	12
sale	12
hill	12
least	12
enemy	12
gas	12
knock	12
collect	12
absolutely	12
pale	12
accustom	12
bell	12
peace	12
race	12
exercise	12
danger	12
control	12
skirt	12
native	12
united	12
truck	12
certain	12
speaker	12
arrest	12
village	12
museum	12
risk	11
passport	11
excellent	11
fever	11
advise	11
delicious	11
shall	11
result	11
sushi	11
fox	11
support	11
jacket	11
regret	11
chocolate	11
lonely	11
season	11
rent	11
cheap	11
supermarket	11
duty	11
hardly	11
rose	11
cd	11
doll	11
respect	11
neighbor	11
act	11
deep	11
population	11
forgive	11
soldier	11
injure	11
compare	11
blood	11
slight	11
gun	11
express	11
wherever	11
rid	11
private	11
line	11
draw	11
reservation	11
pour	11
delay	11
kiss	11
prepare	11
attack	11
comfortable	11
deny	11
handle	11
perhaps	11
smart	11
pressure	11
ghost	11
rise	10
admire	10
cooking	10
charge	10
calm	10
machine	10
wind	10
god	10
rang	10
grade	10
shower	10
rome	10
wedding	10
lift	10
violin	10
couple	10
opportunity	10
left	10
shout	10
prison	10
bore	10
ice	10
sweater	10
amaze	10
shoot	10
satisfy	10
effort	10
rock	10
factory	10
spanish	10
vote	10
nearly	10
cancel	10
shopping	10
pas	10
stone	10
cottage	10
pull	10
potato	10
neighborhood	10
cash	10
lawyer	10
suddenly	10
remain	10
button	10
feed	10
writer	10
simple	10
due	10
decision	10
behave	10
eleven	10
recognize	10
receive	10
doubt	10
completely	10
system	10
boil	10
explanation	10
fear	10
freeze	10
single	10
bench	10
add	10
wet	10
brush	10
force	9
dry	9
divide	9
patience	9
warn	9
provide	9
third	9
fit	9
fix	9
fence	9
murder	9
iron	9
dozen	9
responsible	9
singer	9
accord	9
habit	9
harvard	9
argue	9
innocent	9
amount	9
birth	9
material	9
intend	9
classmate	9
push	9
invent	9
skin	9
cooky	9
quick	9
figure	9
classroom	9
course	9
nor	9
blind	9
zoo	9
forever	9
article	9
stranger	9
hey	9
complete	9
film	9
th	9
share	9
sandwich	9
pleasure	9
oil	9
welcome	9
kobe	9
temperature	9
headache	9
nervous	9
osaka	9
barely	9
sweet	9
rope	9
behavior	9
italy	9
boyfriend	9
germany	9
resign	9
drinking	9
someday	9
scientist	9
degree	9
apply	9
cloud	9
examination	9
thirsty	9
concern	9
willing	9
conversation	9
monkey	9
stomach	9
punish	9
fluent	9
neither	9
harder	9
fishing	9
intention	9
gain	9
convince	9
captain	8
luggage	8
india	8
rescue	8
ceremony	8
goodbye	8
message	8
hire	8
regular	8
generally	8
eyesight	8
board	8
butter	8
photo	8
rumor	8
heat	8
passenger	8
realize	8
football	8
diet	8
aware	8
shave	8
brave	8
chicken	8
canadian	8
downtown	8
album	8
theory	8
silent	8
hug	8
illness	8
recover	8
foreigner	8
assistant	8
twin	8
theater	8
mom	8
dirty	8
frighten	8
apartment	8
airplane	8
friday	8
terrible	8
dentist	8
king	8
double	8
salary	8
fond	8
art	8
sea	8
century	8
funny	8
surprised	8
similar	8
accuse	8
fee	8
sort	8
slip	8
motorcycle	8
perfect	8
crash	8
yard	8
confuse	8
sooner	8
prisoner	8
kite	8
knowledge	8
familiar	8
grab	8
racket	8
comment	8
poet	8
education	8
snake	8
taller	8
ski	8
immediately	8
italian	8
thief	8
tongue	8
record	8
scold	7
solution	7
math	7
program	7
survive	7
roof	7
beauty	7
greet	7
disturb	7
engineer	7
chess	7
object	7
m	7
photograph	7
hall	7
finger	7
nature	7
protect	7
height	7
credit	7
remind	7
form	7
flood	7
roll	7
battle	7
prevent	7
guilty	7
heard	7
pond	7
economy	7
require	7
chicago	7
note	7
artist	7
seldom	7
worried	7
though	7
tiger	7
thinking	7
dare	7
audience	7
tower	7
twelve	7
throat	7
energy	7
rush	7
lack	7
fat	7
condition	7
mile	7
africa	7
occasionally	7
author	7
register	7
gold	7
unhappy	7
bark	7
incident	7
raise	7
empty	7
grant	7
shape	7
admission	7
fortune	7
understood	7
mirror	7
curious	7
ourselves	7
per	7
temple	7
rainy	7
friendly	7
electricity	7
obvious	7
forest	7
farm	7
quality	7
bet	7
envy	7
marriage	7
lucky	7
view	7
climate	7
group	7
cream	7
happiness	7
lincoln	7
garage	7
lead	7
schedule	7
pie	7
lately	7
yellow	6
blanket	6
vase	6
kick	6
asia	6
disappoint	6
permit	6
breathe	6
lay	6
appreciate	6
satisfied	6
prohibit	6
safety	6
ate	6
elevator	6
john	6
raw	6
manner	6
convenient	6
hunger	6
participate	6
menu	6
disaster	6
pity	6
bathroom	6
action	6
jealous	6
contact	6
spread	6
whichever	6
fog	6
puzzle	6
rely	6
request	6
apology	6
affair	6
hawaii	6
grateful	6
subway	6
suspect	6
suggestion	6
market	6
entrance	6
drown	6
discussion	6
sudden	6
elephant	6
natural	6
deceive	6
nation	6
space	6
increase	6
advance	6
invitation	6
cheese	6
track	6
fifth	6
slow	6
crime	6
jazz	6
cheat	6
import	6
contract	6
loudly	6
delete	6
period	6
breath	6
direction	6
purse	6
exhaust	6
model	6
blow	6
lightning	6
oh	6
burglar	6
october	6
bucket	6
idiot	6
pool	6
appointment	6
search	6
ahead	6
sharp	6
playing	6
committee	6
friendship	6
upstairs	6
anxious	6
basketball	6
extremely	6
usual	6
actress	6
switzerland	6
toward	6
sweep	6
demand	6
politician	6
straight	6
match	6
excited	6
ignore	6
candy	6
t	6
confidence	6
russian	6
themselves	6
chat	6
department	6
entire	6
package	6
thin	6
stock	6
notebook	6
meter	6
holiday	6
lecture	6
boring	6
bother	6
gather	6
painting	6
shy	6
favor	6
equal	6
poem	6
value	6
supply	6
dust	6
center	6
thought	6
percent	6
loss	6
leaf	6
avoid	6
locate	6
although	6
rare	6
sibling	6
ink	6
liar	5
hero	5
path	5
adopt	5
army	5
successful	5
adult	5
example	5
badly	5
attempt	5
affect	5
mayor	5
driving	5
ceiling	5
distance	5
coward	5
painful	5
accompany	5
alarm	5
definitely	5
bomb	5
visitor	5
sugar	5
pocket	5
bar	5
secretary	5
fair	5
gentleman	5
artificial	5
electric	5
exception	5
disappear	5
wound	5
fairly	5
tune	5
sleepy	5
human	5
east	5
destroy	5
judge	5
apart	5
mosquito	5
security	5
humor	5
discount	5
bury	5
permission	5
bargain	5
temper	5
rabbit	5
skate	5
cool	5
settle	5
extra	5
rarely	5
wealth	5
positive	5
envelope	5
involve	5
cab	5
confused	5
clothing	5
occur	5
eighty	5
whenever	5
cute	5
seriously	5
cough	5
unfortunately	5
argument	5
knee	5
stair	5
flow	5
wednesday	5
spare	5
tour	5
trick	5
middle	5
underestimate	5
weed	5
barber	5
totally	5
speed	5
insist	5
pronounce	5
communicate	5
polite	5
found	5
stare	5
strictly	5
bookstore	5
handsome	5
strawberry	5
grass	5
toilet	5
imagination	5
deserve	5
carpet	5
fan	5
awful	5
zero	5
further	5
deeply	5
huge	5
bloom	5
resemble	5
programmer	5
responsibility	5
pant	5
september	5
attitude	5
style	5
volleyball	5
issue	5
imagine	5
acquaint	5
castle	5
banana	5
self	5
pianist	5
courage	5
project	5
distinguish	5
pound	5
examine	5
island	5
recent	5
task	5
march	5
emergency	5
sixteen	5
cigarette	5
silence	5
nonsense	5
lesson	5
influence	5
hello	5
concerned	5
dislike	5
wave	5
spoon	5
scenery	5
broken	5
nagoya	5
frog	5
annoy	5
spell	5
kindness	5
intelligent	5
product	5
confess	5
postpone	5
south	5
perfectly	5
claim	5
unlikely	5
unless	5
impression	5
stuff	5
lazy	5
tend	5
jog	5
cousin	5
basket	5
plain	5
wreck	5
effect	5
weapon	5
position	5
government	5
punctual	5
sofa	5
page	5
hi	5
below	5
guarantee	5
june	5
appetite	4
pride	4
jail	4
glance	4
achieve	4
shame	4
damage	4
gate	4
baggage	4
tourist	4
interrupt	4
explode	4
reasonable	4
service	4
target	4
jean	4
bush	4
personality	4
beg	4
mud	4
approach	4
extend	4
extent	4
cow	4
hers	4
conference	4
beef	4
basic	4
congratulation	4
mouse	4
beside	4
complex	4
unable	4
consideration	4
desire	4
deaf	4
commit	4
wrap	4
cafeteria	4
starve	4
solar	4
surrender	4
candle	4
password	4
personal	4
detective	4
remarkable	4
skip	4
rob	4
row	4
suicide	4
exact	4
bake	4
reply	4
explosion	4
funeral	4
sasayama	4
hamburger	4
everywhere	4
soul	4
bankrupt	4
mar	4
block	4
main	4
base	4
quarter	4
sheep	4
sheet	4
plastic	4
criticize	4
copy	4
optimist	4
angel	4
ambulance	4
cherry	4
bright	4
ground	4
genius	4
relative	4
kilometer	4
talented	4
item	4
among	4
minister	4
pilot	4
sauce	4
warning	4
document	4
silver	4
treatment	4
tuesday	4
towel	4
mood	4
confirm	4
refer	4
exciting	4
industry	4
practical	4
journey	4
quietly	4
determine	4
valuable	4
spicy	4
advantage	4
file	4
politics	4
tight	4
overtime	4
shelter	4
application	4
faster	4
whoever	4
tail	4
design	4
crush	4
social	4
beginning	4
diamond	4
flag	4
brown	4
unlucky	4
plant	4
okay	4
anytime	4
suffer	4
pregnant	4
reduce	4
operation	4
alcohol	4
publish	4
flame	4
dirt	4
upon	4
pleasant	4
guest	4
relationship	4
typhoon	4
consult	4
chairman	4
scotland	4
towards	4
bug	4
despise	4
experiment	4
circle	4
international	4
activity	4
seventeen	4
expert	4
available	4
fluently	4
connection	4
approve	4
insurance	4
loan	4
belt	4
flight	4
awfully	4
ray	4
alert	4
cheek	4
prince	4
sydney	4
complaint	4
glove	4
drama	4
pollution	4
hometown	4
within	4
medical	4
cure	4
objection	4
prepared	4
land	4
leak	4
cradle	4
include	4
customer	4
dessert	4
fold	4
video	4
power	4
eating	4
engage	4
popcorn	4
musician	4
gladly	4
topic	4
tax	4
fare	4
interpreter	4
mention	4
february	4
differ	4
nowadays	4
scary	4
spill	4
july	4
bind	4
allergic	4
false	4
north	4
border	4
upset	4
furnish	4
currently	4
principal	4
jam	4
fuel	4
beat	4
closet	4
interfere	4
approval	4
april	4
section	4
gaze	4
curtain	4
britain	4
wild	4
capture	4
inch	4
whale	4
term	4
repeat	4
freedom	4
waist	4
swear	4
appoint	4
boot	4
detail	4
daydream	3
wooden	3
nail	3
active	3
suitable	3
highly	3
ninety	3
total	3
columbus	3
preparation	3
itself	3
elbow	3
quarrel	3
vodka	3
dolphin	3
appearance	3
ladder	3
emotion	3
revolve	3
differently	3
band	3
victory	3
series	3
spider	3
forgot	3
dawn	3
forty	3
associate	3
suburb	3
oppose	3
hopeless	3
spinach	3
fiction	3
frankly	3
guilt	3
handkerchief	3
modern	3
shell	3
strength	3
sue	3
coin	3
zealand	3
reserve	3
deepest	3
announce	3
hammer	3
brazil	3
sail	3
cooperation	3
pirate	3
discovery	3
ignorance	3
souvenir	3
debt	3
russia	3
logic	3
tiny	3
west	3
lovely	3
tallest	3
website	3
strict	3
aim	3
property	3
eighteen	3
brake	3
ocean	3
mid	3
endangered	3
indispensable	3
replace	3
specie	3
honesty	3
shakespeare	3
officer	3
steadily	3
float	3
profession	3
jealousy	3
fork	3
recommend	3
landing	3
failure	3
urgent	3
textbook	3
focus	3
string	3
blast	3
cloudy	3
p	3
heavily	3
snack	3
weird	3
jar	3
fake	3
prove	3
shine	3
cap	3
sour	3
following	3
laughter	3
december	3
mat	3
criminal	3
guys	3
liquid	3
switch	3
typical	3
drunken	3
haircut	3
comic	3
presence	3
policy	3
mommy	3
prime	3
careless	3
ex	3
accomplish	3
mess	3
contain	3
cart	3
waiter	3
spoken	3
directly	3
indicate	3
anger	3
normal	3
cloth	3
average	3
tooth	3
shot	3
esperanto	3
devote	3
expectation	3
truly	3
dye	3
resource	3
naked	3
vision	3
burst	3
ability	3
august	3
concentrate	3
region	3
turkey	3
dedicate	3
s	3
singapore	3
actor	3
vague	3
postcard	3
miracle	3
fully	3
innocence	3
equivalent	3
unusual	3
hiccup	3
romantic	3
darker	3
housework	3
trash	3
moonlight	3
original	3
beware	3
content	3
mild	3
sand	3
undone	3
mammal	3
sum	3
pub	3
grape	3
advertising	3
narrow	3
indoors	3
level	3
teen	3
particular	3
owner	3
reject	3
numb	3
coal	3
humid	3
astonish	3
bless	3
beyond	3
rudeness	3
event	3
thread	3
blossom	3
blush	3
assign	3
unexpected	3
translation	3
couch	3
lip	3
command	3
tool	3
quote	3
faint	3
weigh	3
access	3
ruin	3
dependent	3
vitamin	3
x	3
body	3
intelligence	3
tip	3
revolution	3
exchange	3
various	3
architect	3
korea	3
mailbox	3
c	3
carelessness	3
sensitive	3
loaf	3
mission	3
threaten	3
firm	3
advertise	3
citizen	3
awake	3
frozen	3
budget	3
composition	3
literature	3
older	3
honor	3
cheer	3
chemistry	3
wage	3
location	3
doorbell	3
onion	3
economic	3
tsunami	3
ache	3
occupy	3
pronunciation	3
scared	3
properly	3
erase	3
metal	3
haunt	3
fluency	3
peach	3
reputation	3
income	3
trouser	3
lens	3
shinjuku	3
thames	3
essay	3
alien	3
particularly	3
nose	3
persuade	3
harbor	3
shock	3
edison	3
rate	3
rotten	3
safer	3
assemble	3
singing	3
cave	3
lottery	3
stream	3
bitterly	3
noisy	3
clever	3
impress	3
sore	3
departure	3
salad	3
drawer	3
bend	3
beijing	3
professor	3
carrot	3
hilton	3
democracy	3
lamp	3
instead	3
sir	3
philosophy	3
tomato	3
robot	3
adjust	3
dial	3
flour	3
ambition	3
thrill	3
trap	3
lung	3
adventure	3
develop	3
embassy	3
bleed	3
privacy	3
festival	3
respond	3
final	3
lion	3
bee	3
firework	3
agency	3
mix	3
disease	3
scrap	3
tape	3
regularly	3
bean	3
gray	3
exists	3
nightmare	3
cruel	3
email	3
deliver	3
drug	3
safely	3
bathtub	3
cell	3
optimistic	3
partner	3
arabic	3
campus	3
injured	3
slave	3
absorb	3
disagree	3
frequently	3
absolute	3
glue	3
generous	3
branch	3
dryer	3
press	3
coincidence	3
classical	3
happens	3
lean	3
biology	3
blouse	3
expire	3
throne	3
hakone	3
stadium	3
wise	3
evident	3
skating	3
whisper	3
penny	3
pig	3
shooting	3
variety	3
tenth	3
conclusion	3
compete	3
raining	2
pardon	2
asian	2
eligible	2
imperative	2
louder	2
misunderstanding	2
courageous	2
possibility	2
parrot	2
pinch	2
solid	2
calendar	2
welfare	2
thunder	2
discrimination	2
wink	2
mutual	2
reporter	2
protection	2
military	2
criticism	2
stink	2
eiffel	2
spoke	2
denmark	2
speaking	2
training	2
surgeon	2
eclipse	2
household	2
heartless	2
conditioner	2
ordinary	2
chase	2
briefcase	2
hong	2
exhibition	2
scarf	2
diary	2
consent	2
oven	2
overcome	2
affected	2
doghouse	2
weakness	2
grammar	2
exaggerate	2
volcano	2
depress	2
encourage	2
standard	2
evil	2
abate	2
knit	2
distract	2
refugee	2
ups	2
primary	2
thick	2
mercury	2
engagement	2
hollywood	2
urban	2
growth	2
gym	2
hike	2
brilliant	2
runner	2
rat	2
obviously	2
iceland	2
environmental	2
camp	2
layout	2
mend	2
executive	2
dj	2
coast	2
hakodate	2
saturn	2
greene	2
softly	2
release	2
steak	2
onto	2
temptation	2
continent	2
score	2
olympics	2
wi	2
drowsy	2
heating	2
typist	2
tough	2
vain	2
blonde	2
source	2
fry	2
commerce	2
ugly	2
procedure	2
mexico	2
sting	2
id	2
growl	2
silly	2
european	2
satellite	2
garlic	2
neptune	2
background	2
unfair	2
disguise	2
previous	2
character	2
pharmacy	2
shadow	2
hunt	2
manual	2
unnecessary	2
overslept	2
antique	2
staff	2
election	2
congratulate	2
bottom	2
beating	2
sewing	2
horizon	2
curry	2
nerve	2
sob	2
snare	2
ecology	2
sow	2
forgetful	2
justify	2
injury	2
slope	2
shin	2
forearm	2
abstract	2
evidence	2
sometime	2
stake	2
digital	2
update	2
professional	2
chairperson	2
backward	2
coach	2
relieve	2
manager	2
unfamiliar	2
kitten	2
din	2
dig	2
attic	2
assistance	2
mall	2
melt	2
uniform	2
current	2
appeal	2
makeup	2
bygone	2
massage	2
treasure	2
logical	2
crisis	2
beholder	2
claus	2
investigation	2
prophecy	2
ibm	2
hiroshima	2
internet	2
awesome	2
celsius	2
chopstick	2
swedish	2
pure	2
shibuya	2
speaks	2
unbelievable	2
laundry	2
dive	2
fascinate	2
membership	2
stress	2
conscious	2
ueno	2
st	2
complaining	2
challenge	2
kong	2
squeeze	2
acknowledge	2
amazing	2
farmer	2
instantly	2
tulip	2
feature	2
servant	2
realistic	2
gamble	2
square	2
latin	2
impolite	2
sunrise	2
stitch	2
immigrant	2
steep	2
california	2
besides	2
british	2
ostrich	2
ballpoint	2
gotten	2
tractor	2
slap	2
graham	2
marathon	2
greek	2
aside	2
dining	2
coincide	2
butterfly	2
fundamental	2
trace	2
sunglass	2
especially	2
surprising	2
steady	2
sunset	2
review	2
quantity	2
walking	2
crane	2
stain	2
wool	2
celebrate	2
description	2
yield	2
zigzag	2
parking	2
contains	2
surgery	2
hare	2
opening	2
definite	2
mandarin	2
arrival	2
emotional	2
restroom	2
colony	2
pop	2
capable	2
stretch	2
mark	2
helicopter	2
engine	2
washington	2
straighten	2
bathe	2
soil	2
sincere	2
stewardess	2
toothache	2
helmet	2
pat	2
pan	2
assist	2
advertisement	2
sumo	2
weep	2
severe	2
baikal	2
afterwards	2
okinawa	2
blog	2
skier	2
grip	2
load	2
fridge	2
vacuum	2
railroad	2
robbery	2
clap	2
making	2
joking	2
competition	2
monopoly	2
reconsider	2
racial	2
divine	2
slice	2
critical	2
custody	2
wheat	2
uneasy	2
sixty	2
addition	2
barefooted	2
forewarn	2
log	2
hen	2
tripod	2
cabin	2
affection	2
describe	2
deer	2
englishman	2
workday	2
briefly	2
narita	2
carpenter	2
fasten	2
invest	2
overseas	2
thoughtful	2
disc	2
lining	2
thursday	2
former	2
fax	2
worse	2
horror	2
paradise	2
heaven	2
investment	2
anniversary	2
version	2
handy	2
venice	2
trunk	2
bible	2
vegetarian	2
exceptionally	2
qualify	2
pochi	2
depart	2
arrogance	2
mysterious	2
broke	2
karaoke	2
strain	2
abandon	2
parasol	2
stubborn	2
salty	2
awkward	2
terribly	2
comfort	2
audacity	2
stir	2
fi	2
response	2
eats	2
shade	2
patio	2
trade	2
pray	2
vending	2
absence	2
coworkers	2
propose	2
hunter	2
statement	2
scholarship	2
turns	2
traveler	2
glitter	2
childish	2
research	2
print	2
highway	2
bully	2
suntan	2
ash	2
aso	2
launch	2
prejudice	2
relate	2
sympathy	2
seaside	2
employ	2
reflection	2
anticipate	2
bride	2
prairie	2
declare	2
risky	2
amass	2
superior	2
needle	2
victim	2
roller	2
contest	2
oyster	2
understands	2
luckily	2
traditional	2
perseverance	2
disappointed	2
northern	2
waiting	2
penalty	2
central	2
bullet	2
sunny	2
sensible	2
hid	2
sleeve	2
remove	2
insane	2
dumb	2
tender	2
damp	2
karuizawa	2
numerous	2
clerk	2
consume	2
simply	2
decline	2
devil	2
create	2
political	2
territory	2
tolerate	2
pace	2
guide	2
calculator	2
vow	2
beautifully	2
bow	2
attach	2
port	2
emphasize	2
conflict	2
overweight	2
nickname	2
tobacco	2
abstain	2
procrastinating	2
reap	2
apparently	2
eager	2
contrary	2
useless	2
confront	2
signal	2
austria	2
foolish	2
bounce	2
irresistible	2
jewelry	2
proficient	2
blackboard	2
ufo	2
stew	2
santa	2
leftover	2
homesick	2
impressed	2
spending	2
custom	2
manufacture	2
nobel	2
frost	2
boys	2
attribute	2
consist	2
characteristic	2
grasp	2
caught	2
electrical	2
arithmetic	2
petal	2
oblige	2
insect	2
clue	2
desert	2
orbit	2
impatient	2
pry	2
conservative	2
obstinate	2
breathing	2
wipe	2
ai	2
arrange	2
tissue	2
tunnel	2
unsatisfied	2
crop	2
imply	2
acid	2
click	2
scientific	2
indian	2
sink	2
survivor	2
involved	2
wig	2
egypt	2
app	2
decrease	2
mahjong	2
composer	2
standing	2
betray	2
whisky	2
producer	2
poetry	2
evidently	2
panic	2
inappropriate	2
pink	2
collection	2
tomb	2
physic	2
counter	2
chief	2
software	2
mustache	2
destination	2
fourth	2
shortage	2
deteriorate	2
illuminate	2
bump	2
measure	2
salesman	2
embarrass	2
length	2
scare	2
spilt	2
jesus	2
embarrassed	2
guidebook	2
ancient	2
data	2
eighth	2
autograph	2
hyogo	2
neck	2
culture	2
imaginative	2
microphone	2
angle	2
sendai	2
belief	2
korean	2
soap	2
junior	2
offend	2
visa	2
businessman	2
atmosphere	2
text	2
charles	2
anyway	2
phrase	2
hamlet	2
greenhouse	2
downstairs	2
winner	2
indeed	2
watching	2
requirement	2
expel	2
pitch	2
orphan	2
battery	2
interview	2
reform	2
participant	2
horrible	2
tent	2
centimeter	2
importance	2
joy	2
sorrow	2
shanghai	2
hypothesis	2
precious	2
pepper	2
swallow	2
ridiculous	2
relevant	2
overcoat	2
subscribe	2
mailman	2
tread	2
cent	2
literal	2
route	2
sufficient	2
intrude	2
unlike	2
handwriting	2
yokohama	2
seventeenth	2
context	2
selfish	2
raincoat	2
magician	2
broccoli	2
scarcely	2
expense	2
accurate	2
wealthy	2
mistaken	2
contribute	2
field	2
gum	2
attractive	2
intersection	2
puppy	2
soft	2
exceed	2
twitter	2
employment	2
recognition	2
passion	2
leader	2
demonstration	2
worthy	2
stage	2
basis	2
sweat	2
tag	2
female	2
confident	2
cricket	2
bookshelf	2
society	2
official	2
limit	2
chip	2
diplomat	2
gay	2
suspiciously	2
u	2
stab	2
hemisphere	2
permanent	2
yell	2
tattoo	2
personally	1
desirable	1
controversial	1
hating	1
mansion	1
feeding	1
violate	1
swam	1
teaspoon	1
whatsoever	1
recycle	1
playground	1
ale	1
physician	1
deli	1
smack	1
jack	1
fur	1
neatly	1
fireplace	1
encounter	1
investor	1
commute	1
cholesterol	1
reliable	1
asama	1
chew	1
parted	1
pulse	1
elegant	1
fabulous	1
n	1
oscar	1
monster	1
erupt	1
christ	1
forgetting	1
worsen	1
orchestra	1
outrank	1
existence	1
conduct	1
disney	1
deprivation	1
pluto	1
socialize	1
undo	1
aid	1
cardboard	1
interpret	1
celebration	1
fourteen	1
hunting	1
economics	1
jogging	1
settled	1
intrigue	1
pendant	1
golden	1
swearing	1
geography	1
honshu	1
reagan	1
debierne	1
moral	1
eastwood	1
plot	1
dna	1
seventy	1
sociopath	1
brings	1
hypocritical	1
tenacity	1
depression	1
organic	1
ssh	1
err	1
pursue	1
worm	1
locker	1
mp	1
mechanic	1
carmel	1
alphabet	1
impose	1
serpent	1
honey	1
straightforward	1
verify	1
pigsty	1
significance	1
dignified	1
raffle	1
poker	1
lad	1
execution	1
muggy	1
meaningful	1
parallel	1
purchase	1
compartment	1
nagasaki	1
hasty	1
vegetables	1
neglect	1
maintain	1
haste	1
lindbergh	1
modesty	1
theme	1
zao	1
govern	1
vary	1
diplomacy	1
hook	1
forehead	1
stopover	1
crew	1
hachiko	1
production	1
split	1
spray	1
roommate	1
kuchiwa	1
altogether	1
tourism	1
nozawa	1
repaint	1
netherlands	1
oxygen	1
recovery	1
teem	1
l	1
bone	1
financial	1
telescope	1
independent	1
statue	1
marital	1
taught	1
trading	1
navy	1
temporary	1
whining	1
cartridge	1
motel	1
rd	1
forte	1
remorse	1
independence	1
saudi	1
foundation	1
arizona	1
anonymously	1
harry	1
eternal	1
revenge	1
masterpiece	1
checked	1
estimate	1
kit	1
widespread	1
drench	1
aisle	1
biologist	1
conversationalist	1
childishly	1
unknown	1
aspire	1
stripe	1
recite	1
abolish	1
playfully	1
subtle	1
accidentally	1
remotely	1
electronic	1
illustrate	1
agriculture	1
nominate	1
licorice	1
tow	1
tragic	1
bitter	1
collapse	1
happily	1
narrowly	1
somewhat	1
helen	1
prefecture	1
crawl	1
stocking	1
startling	1
basho	1
idly	1
ebay	1
blueberry	1
rewrite	1
shyly	1
spent	1
rap	1
plunge	1
seek	1
seminar	1
genuine	1
necktie	1
chest	1
paintbrush	1
machinery	1
gravy	1
thumb	1
withdraw	1
effective	1
translator	1
kelly	1
addict	1
entry	1
phase	1
cellular	1
grave	1
shalt	1
fusion	1
don	1
observation	1
musical	1
curie	1
entertaining	1
hastings	1
scotch	1
annoyed	1
aerobics	1
unanimously	1
sanctuary	1
inspire	1
pave	1
infrared	1
prescription	1
poison	1
greatly	1
nevada	1
stoop	1
cease	1
resisting	1
spite	1
underpants	1
refreshment	1
bliss	1
folder	1
waltz	1
honda	1
leisure	1
millionaire	1
amazon	1
spoil	1
handball	1
disadvantage	1
undressed	1
becomes	1
fireman	1
officially	1
method	1
coke	1
architecture	1
rung	1
birmingham	1
steam	1
gallon	1
weatherman	1
mandatory	1
radium	1
goodnight	1
cattle	1
barometer	1
voyage	1
capacity	1
fumble	1
princess	1
shaver	1
preserve	1
warrior	1
screwball	1
veterinary	1
weak	1
halloween	1
poisoning	1
dedication	1
cop	1
candidate	1
bookcase	1
textile	1
proactive	1
transmission	1
los	1
peacefully	1
excess	1
massive	1
pregnancy	1
panel	1
putt	1
iraq	1
union	1
spur	1
commission	1
privilege	1
incompetent	1
obese	1
inattention	1
chill	1
niece	1
gracious	1
tank	1
presidency	1
gentle	1
intimate	1
kentucky	1
neat	1
stopping	1
pastime	1
elaborate	1
olympic	1
equator	1
honorable	1
schoolroom	1
tease	1
ii	1
conditioning	1
ginza	1
farsi	1
seattle	1
perform	1
toaster	1
fatal	1
belly	1
unfortunate	1
advocate	1
unbearable	1
crater	1
swell	1
delight	1
waterfall	1
warden	1
nara	1
shortly	1
scenario	1
humble	1
drip	1
academic	1
trainer	1
athletic	1
laptop	1
financially	1
identify	1
uncooperative	1
shuffle	1
unique	1
resigning	1
sunflower	1
photographer	1
ease	1
emphasis	1
passive	1
teenager	1
involuntary	1
survival	1
thermometer	1
combination	1
visibly	1
arab	1
possibly	1
picasso	1
burnt	1
strengths	1
sulfuric	1
diving	1
mongrel	1
malnutrition	1
hung	1
invaluable	1
accuracy	1
somehow	1
alice	1
sponge	1
malaysia	1
printer	1
jupiter	1
mountaineer	1
parcel	1
consecutive	1
opposite	1
queen	1
adorable	1
cord	1
core	1
snore	1
landlord	1
peel	1
defend	1
marketing	1
obtain	1
conventional	1
evaporate	1
adore	1
limitation	1
starvation	1
yelling	1
ryoutarou	1
conceal	1
lansing	1
coral	1
v	1
undocumented	1
ensure	1
automatically	1
mistyped	1
sip	1
froze	1
undergo	1
civil	1
handbag	1
blackberry	1
frightened	1
mass	1
parade	1
wan	1
wag	1
amazingly	1
unconscious	1
width	1
fought	1
editor	1
amateur	1
teresa	1
envious	1
elderly	1
astonished	1
dump	1
humiliate	1
harmony	1
unanimous	1
decorate	1
unusually	1
daddy	1
accelerate	1
trim	1
hemorrhage	1
statistic	1
autobiography	1
felicja	1
annoying	1
willingly	1
takeuchi	1
discriminate	1
faithful	1
na	1
handed	1
ogai	1
tin	1
republic	1
battered	1
phoenix	1
necessity	1
preceding	1
unwell	1
intent	1
variable	1
skinny	1
scholar	1
younger	1
assume	1
normally	1
hemingway	1
matchbox	1
pseudo	1
subscription	1
vietnam	1
precedent	1
impulse	1
laura	1
microwave	1
abundant	1
resourceful	1
deceitful	1
flash	1
passage	1
unpleasant	1
melon	1
un	1
jerk	1
yeast	1
billionaire	1
anonymous	1
prevents	1
dim	1
flammable	1
impressive	1
dip	1
unaware	1
pork	1
invader	1
sigh	1
hack	1
stole	1
substitute	1
cargo	1
curse	1
stressful	1
booklet	1
strait	1
era	1
pose	1
install	1
abscond	1
handyman	1
agreement	1
astrophysicist	1
magnetism	1
twentieth	1
unidentified	1
stormy	1
root	1
teaching	1
finnish	1
jaw	1
shook	1
pillow	1
emerge	1
shorter	1
logically	1
verge	1
working	1
sake	1
flunk	1
tightly	1
libra	1
sleeping	1
inseparable	1
keen	1
checkout	1
andr	1
riot	1
employee	1
sulfur	1
originally	1
flu	1
attain	1
streak	1
spy	1
predict	1
arise	1
chit	1
parachute	1
surround	1
council	1
barbershop	1
hunch	1
indifferent	1
sidney	1
fortunately	1
eloquent	1
chaucer	1
nonstop	1
community	1
bawl	1
tablecloth	1
unbelievably	1
amuse	1
symphony	1
tale	1
rabbi	1
midnight	1
canary	1
digestion	1
differs	1
equip	1
skeleton	1
worship	1
tendency	1
colorado	1
ethic	1
derive	1
attraction	1
suspicion	1
venture	1
non	1
halt	1
views	1
nod	1
smarter	1
killer	1
shatter	1
underneath	1
possess	1
moist	1
execute	1
feverish	1
january	1
realise	1
importation	1
entirely	1
f	1
antenna	1
turtle	1
receipt	1
abnormal	1
unlock	1
persian	1
farewell	1
assumption	1
elizabeth	1
container	1
profit	1
terrorist	1
miyazaki	1
priest	1
unforgettable	1
dutch	1
overlook	1
shiga	1
sings	1
hairdresser	1
quart	1
obligation	1
marine	1
clown	1
underwear	1
ingalls	1
fabric	1
fonder	1
modest	1
motion	1
hamamatsu	1
disable	1
aboard	1
frequent	1
constantly	1
saving	1
conform	1
potter	1
accommodate	1
necessarily	1
arch	1
slept	1
carbonate	1
draft	1
persecute	1
calculate	1
drugstore	1
unmarried	1
mostly	1
appreciates	1
concise	1
meddling	1
broadcast	1
spar	1
punishment	1
absorbs	1
thai	1
milton	1
wide	1
analyze	1
impractical	1
sailing	1
depressed	1
crowded	1
airmail	1
centigrade	1
scuba	1
desperate	1
akita	1
slam	1
comedian	1
warsaw	1
cheerful	1
efficient	1
veteran	1
ideal	1
repeatedly	1
online	1
lick	1
registered	1
jungle	1
urge	1
buffet	1
boiling	1
donation	1
wire	1
destiny	1
nuclear	1
senior	1
abraham	1
atlantic	1
horribly	1
sashimi	1
contemporary	1
veranda	1
therapist	1
pump	1
newspaperman	1
aggressive	1
forecast	1
woolen	1
whereabouts	1
daily	1
gibraltar	1
chopin	1
enthusiasm	1
shrill	1
congressional	1
unsure	1
hungarian	1
lighten	1
define	1
tailor	1
hedge	1
reveal	1
skull	1
leather	1
network	1
roast	1
liable	1
barbeque	1
user	1
smoothy	1
beethoven	1
remedial	1
unfit	1
germanic	1
flatly	1
william	1
subarachnoid	1
cleaning	1
footprint	1
arrogant	1
forsake	1
fearless	1
screen	1
immigrate	1
armenian	1
comb	1
recall	1
rugby	1
susceptible	1
disappointment	1
reluctantly	1
comet	1
prettiest	1
competent	1
nearby	1
disagreement	1
cornered	1
merry	1
armchair	1
flavoring	1
learning	1
bizarre	1
symptoms	1
cycling	1
toothpaste	1
rebuild	1
dictator	1
kushiro	1
acre	1
slightly	1
educated	1
graveyard	1
blessing	1
photos	1
declaration	1
undercooked	1
spirit	1
inconsequential	1
developing	1
mount	1
towada	1
chinatown	1
slippery	1
promising	1
landslide	1
admonish	1
alcoholic	1
determination	1
unwise	1
embrace	1
hazel	1
misunderstand	1
considerable	1
parliament	1
bowl	1
ceo	1
manila	1
sucker	1
outskirt	1
d	1
nest	1
director	1
running	1
senator	1
tradition	1
mentally	1
relies	1
largely	1
freeloader	1
bang	1
severely	1
relief	1
reward	1
skipper	1
jst	1
predicting	1
being	1
fingerprint	1
oxford	1
aspect	1
kilo	1
polish	1
hopeful	1
irregular	1
pox	1
sheldon	1
hint	1
instrument	1
shrine	1
baloney	1
role	1
haystack	1
disrupt	1
boast	1
unify	1
frown	1
spectacular	1
mop	1
retract	1
inflation	1
acquainted	1
kennedy	1
nissan	1
engross	1
satisfactory	1
madrid	1
slavery	1
eagle	1
extinct	1
wrongly	1
toad	1
toolkit	1
recorder	1
doggy	1
arrow	1
internship	1
seine	1
teammate	1
surfboard	1
roar	1
wolf	1
mixed	1
partied	1
cambridge	1
burning	1
communication	1
skilled	1
blessed	1
observatory	1
renovate	1
lively	1
syringe	1
fantasy	1
restless	1
origin	1
wrinkle	1
heroine	1
drank	1
racist	1
politeness	1
actinium	1
babysitting	1
undamaged	1
groan	1
regard	1
cabinet	1
promote	1
feather	1
shirtless	1
arlington	1
tiptoe	1
sadness	1
organize	1
gibberish	1
detailed	1
ac	1
fright	1
fellow	1
enable	1
deed	1
spice	1
ringtone	1
valid	1
astronaut	1
polar	1
vaccinate	1
vocabulary	1
offensive	1
symbol	1
pear	1
brandy	1
kingdom	1
shift	1
legal	1
remote	1
thorn	1
mask	1
kilogram	1
repay	1
title	1
resembles	1
shuttlecock	1
external	1
represent	1
pheasant	1
roman	1
pta	1
deadline	1
ukrainian	1
cooperative	1
bulb	1
meditation	1
religious	1
sung	1
alp	1
coolidge	1
smallpox	1
auckland	1
foster	1
device	1
painter	1
instructor	1
countless	1
confidential	1
edo	1
conveniently	1
verb	1
illustrated	1
washing	1
louis	1
celebrity	1
dinosaur	1
saxophone	1
salute	1
brasilia	1
smith	1
defeatist	1
shed	1
physically	1
louvre	1
skiing	1
understanding	1
bern	1
ribbon	1
hick	1
compile	1
swampy	1
hesitation	1
darkness	1
circumstance	1
kuala	1
bribe	1
unicycle	1
learned	1
relatives	1
iran	1
malaria	1
loose	1
ranger	1
cub	1
melancholic	1
matsue	1
tortoise	1
extraordinary	1
wriggle	1
extremes	1
milkshake	1
disneyland	1
authorize	1
gawking	1
via	1
murmur	1
cosmetic	1
semester	1
aptitude	1
establish	1
select	1
ve	1
ntt	1
wanted	1
proceed	1
niger	1
canoe	1
texting	1
generate	1
suruga	1
flat	1
flaw	1
division	1
instrumental	1
nineteen	1
resemblance	1
carelessly	1
explorer	1
tidal	1
paragraph	1
hippopotamus	1
atrocious	1
stomachache	1
autumn	1
hearted	1
minimum	1
imitation	1
concept	1
court	1
fame	1
cling	1
informative	1
creature	1
algebra	1
countryside	1
sneak	1
retirement	1
coming	1
horizontal	1
sloppy	1
orchard	1
prefers	1
dragon	1
mislead	1
shore	1
takasu	1
mexican	1
doorknob	1
indistinguishable	1
performance	1
warehouse	1
pretext	1
sapporo	1
thirtieth	1
overhead	1
upside	1
mistakenly	1
argentina	1
woollen	1
ally	1
carpentry	1
goof	1
qualm	1
fukuoka	1
cupcake	1
fancy	1
stapler	1
inspect	1
separately	1
association	1
mystery	1
intervene	1
swimsuit	1
extravaganza	1
fairy	1
exquisite	1
mercy	1
status	1
harm	1
needless	1
generation	1
used	1
fist	1
terrify	1
candlelight	1
foolproof	1
pigeon	1
testify	1
shipment	1
rifle	1
san	1
bald	1
cockroach	1
cookie	1
acorn	1
sidewalk	1
blister	1
definition	1
finland	1
scratchy	1
wither	1
businessmen	1
threat	1
consequence	1
caged	1
grammatical	1
vowel	1
probability	1
distasteful	1
valentine	1
slipper	1
approximately	1
blank	1
halfway	1
mist	1
meadow	1
jet	1
swarm	1
tate	1
bay	1
collar	1
identity	1
compromise	1
majority	1
syrup	1
warmly	1
prediction	1
convinced	1
legs	1
youth	1
cuff	1
outdoors	1
lease	1
cleaner	1
vacant	1
suspicious	1
philippine	1
defect	1
roughly	1
alike	1
hoofbeats	1
remodel	1
vulnerable	1
koala	1
overreacting	1
friends	1
amends	1
liz	1
easygoing	1
retired	1
inconvenience	1
react	1
yawn	1
charm	1
moss	1
colombian	1
intervenes	1
mobile	1
cramped	1
artistic	1
lying	1
phenomenon	1
extinguisher	1
wounded	1
occupation	1
justice	1
kidnap	1
maruzen	1
waterproof	1
resent	1
lame	1
theft	1
frightening	1
restart	1
resolve	1
nut	1
childhood	1
poisoner	1
investigate	1
obscure	1
rear	1
cynical	1
everest	1
bitterness	1
defense	1
seated	1
overeat	1
wow	1
elderberry	1
misjudge	1
tangerine	1
champagne	1
endure	1
solo	1
missing	1
sole	1
ultimate	1
acquired	1
opposition	1
veterinarian	1
zipper	1
headword	1
thou	1
cubed	1
campfire	1
eggplant	1
witch	1
knopfler	1
volcanic	1
electrician	1
oversleep	1
deposit	1
hoarse	1
dancer	1
platform	1
sammy	1
desktop	1
worthless	1
gravity	1
underage	1
strategy	1
ran	1
astonishment	1
affectionate	1
sweetheart	1
sleeved	1
champion	1
doorway	1
remark	1
vaguely	1
pacemaker	1
despite	1
shone	1
stolen	1
hostess	1
warrant	1
governor	1
crutch	1
error	1
pack	1
lunchtime	1
misprint	1
rip	1
rio	1
triple	1
woodcutter	1
widely	1
grand	1
modification	1
premonition	1
itchy	1
windmill	1
lid	1
calculation	1
displeased	1
itch	1
assignment	1
censure	1
decency	1
knack	1
clint	1
poland	1
edge	1
luxury	1
sixtieth	1
thoroughly	1
swiss	1
organization	1
bandage	1
pollen	1
ambassador	1
listening	1
camel	1
telegram	1
earthworm	1
abbreviation	1
atomic	1
irritable	1
taiwan	1
freshen	1
errand	1
stroganoff	1
deputy	1
cemetery	1
fitting	1
grapefruit	1
complains	1
bid	1
judgement	1
wiser	1
abduct	1
toyota	1
distrust	1
inspiration	1
stylish	1
bamboo	1
privately	1
mathematical	1
sketch	1
google	1
gardening	1
undress	1
hassle	1
palm	1
acquaintance	1
twinkle	1
pet	1
stingy	1
scalp	1
elder	1
peg	1
limitless	1
salmon	1
smiths	1
homeroom	1
handled	1
dormant	1
faith	1
consumption	1
oatmeal	1
dialog	1
captivate	1
garbage	1
usa	1
brass	1
appropriate	1
pepperoni	1
shoebox	1
marie	1
span	1
refrigerator	1
etch	1
bored	1
vienna	1
unfinished	1
poster	1
relaxed	1
applicable	1
link	1
reef	1
lumpur	1
motive	1
cia	1
pliable	1
caller	1
prosecutor	1
uk	1
warmer	1
hornet	1
possession	1
devastating	1
rainfall	1
islam	1
deprive	1
chap	1
pasture	1
graceful	1
prevail	1
hail	1
cotton	1
rainbow	1
lemon	1
occasional	1
transport	1
energetic	1
accidental	1
cashier	1
utterly	1
lent	1
structure	1
vice	1
consumer	1
unlocked	1
scream	1
beverage	1
marvel	1
buffalo	1
kilometre	1
piddle	1
hurricane	1
amplifier	1
brochure	1
windy	1
gang	1
compact	1
asphalt	1
turkish	1
disposal	1
wizard	1
languages	1
adjoin	1
pessimist	1
yourselves	1
moderate	1
respectful	1
stiff	1
eve	1
pebble	1
gauge	1
trout	1
noted	1
sewage	1
bleeding	1
crow	1
isolate	1
blowing	1
temperate	1
uncomfortable	1
nephew	1
lull	1
odd	1
folk	1
poke	1
sheraton	1
asap	1
richmond	1
gasoline	1
blender	1
avoids	1
construct	1
cozy	1
apologetic	1
kidnapper	1
jointly	1
pancake	1
fifteen	1
extreme	1
talent	1
calvin	1
stupidity	1
grandchild	1
defeat	1
bookkeeping	1
pajama	1
toss	1
firewood	1
apt	1
ticking	1
addressed	1
fraud	1
duck	1
beckon	1
imaginary	1
zip	1
scenic	1
illegal	1
hudson	1
equipment	1
timetable	1
agreeable	1
dishevel	1
pleated	1
refusal	1
dash	1
disgust	1
upcoming	1
comparison	1
shizuoka	1
bodily	1
agent	1
rubbish	1
harvest	1
adequate	1
defiance	1
fooling	1
donut	1
universe	1
industrial	1
tap	1
process	1
acquire	1
hesitate	1
educational	1
vibe	1
tamper	1
bungee	1
de	1
maternal	1
fluid	1
jiffy	1
wrist	1
insufficient	1
hawk	1
ambiguous	1
defective	1
dolled	1
whistle	1
meditate	1
watermelon	1
breast	1
brazen	1
closely	1
wit	1
harajuku	1
arrangement	1
nasty	1
underwater	1
decay	1
considerate	1
ample	1
winning	1
spot	1
mumps	1
unavoidable	1
operator	1
seawater	1
bothering	1
flee	1
napkin	1
grumbling	1
sin	1
slide	1
disregard	1
francisco	1
homeless	1
beginner	1
einstein	1
related	1
elementary	1
designer	1
thirteen	1
meth	1
secretly	1
zimbabwe	1
microscope	1
vcr	1
waterloo	1
barley	1
sacrifice	1
essentially	1
disclose	1
daugther	1
incalculable	1
greedy	1
clarify	1
tempt	1
shortest	1
backwards	1
yari	1
produce	1
mortal	1
davis	1
ashtray	1
invisible	1
bulky	1
finest	1
ham	1
ethical	1
eleventh	1
submit	1
drinker	1
patriotism	1
hiding	1
reread	1
sadly	1
fahrenheit	1
screw	1
ankle	1
beard	1
booth	1
sixteenth	1
eavesdrop	1
debate	1
credibility	1
taiwanese	1
grandpa	1
manhole	1
noun	1
ipad	1
glamorous	1
heartedly	1
grandson	1
diplomatic	1
gnp	1
sweden	1
identical	1
bare	1
exhibit	1
beggar	1
mimic	1
tidy	1
corrupt	1
keller	1
championship	1
dallas	1
studying	1
chiba	1
soar	1
agenda	1
jorge	1
evacuate	1
refreshing	1
reminds	1
pipe	1
scrambled	1
construction	1
indo	1
stove	1
connect	1
shounan	1
trivial	1
pleased	1
nearer	1
pause	1
nectarine	1
madman	1
ambiguity	1
partially	1
local	1
gratify	1
michigan	1
hopefully	1
joint	1
mislay	1
timing	1
compute	1
wring	1
astrology	1
donate	1
initial	1
organ	1
brain	1
upper	1
registration	1
avoidable	1
tuner	1
j	1
hardwood	1
national	1
powder	1
unfairly	1
stack	1
deity	1
creationism	1
closer	1
encore	1
pattern	1
chimney	1
willpower	1
closed	1
ebola	1
mainly	1
classless	1
explosive	1
cope	1
lotion	1
ban	1
staring	1
deadlock	1
drum	1
career	1
trips	1
rust	1
puff	1
otherwise	1
unopened	1
brook	1
paranormal	1
snowfall	1
cv	1
blink	1
adjective	1
swimmer	1
tremendous	1
decent	1
quiz	1
gambling	1
youngster	1
mike	1
liverpool	1
general	1
league	1
meaningless	1
neighbour	1
pacific	1
tense	1
resort	1
ours	1
precise	1
intimidate	1
nd	1
promotes	1
influential	1
halley	1
balance	1
ringing	1
apron	1
encouragement	1
tenor	1
arabia	1
sits	1
russell	1
balloon	1
janeiro	1
android	1
twelfth	1
bali	1
beast	1
floodwaters	1
sarcastic	1
judgment	1
insure	1
pickpocket	1
czech	1
fighting	1
sheer	1
otaru	1
soviet	1
windowless	1
reside	1
rocket	1
liked	1
flea	1
clinic	1
shikoku	1
distant	1
tone	1
skill	1
flashlight	1
rapid	1
console	1
snicker	1
cage	1
irresponsible	1
boom	1
knob	1
publication	1
fate	1
bowling	1
burden	1
loser	1
loses	1
badminton	1
journalist	1
accessible	1
glare	1
smoothly	1
kitadake	1
export	1
convey	1
flush	1
novelist	1
throughout	1
synchronize	1
literally	1
farsighted	1
delightful	1
philosopher	1
fountain	1
tottori	1
economical	1
fisherman	1
stockholm	1
murderer	1
pollute	1
journal	1
surfer	1
marketable	1
extension	1
saddle	1
label	1
shipping	1
angeles	1
monthly	1
discard	1
revise	1
owl	1
reptile	1
uncertain	1
ultrasound	1
guard	1
secretive	1
insecure	1
pointless	1
mere	1
waikiki	1
ridge	1
transfer	1
caviar	1
overestimate	1
airline	1
inner	1
gene	1
immune	1
vas	1
gut	1
ford	1
globe	1
vat	1
elate	1
brand	1
florence	1
insured	1
neutral	1
liquor	1
smooth	1
flip	1
umpire	1
download	1
sobbing	1
demonstrate	1
display	1
zebra	1
supreme	1
pin	1
universal	1
twist	1
inn	1
implement	1
authority	1
armed	1
planting	1
guitarist	1
witness	1
incredibly	1
scandal	1
illusion	1
junk	1
gifted	1
excite	1
treason	1
airtight	1
basement	1
astronomy	1
ultraviolet	1
vein	1
occasion	1
mozart	1
atheist	1
bakes	1
pupil	1
hashimoto	1
